Question,Answer
ab,"from, off"
abbiegen,"to turn off, bend"
die Abbildung,Illustration
aber,but
der Abfall,"waste, rubbish, garbage"
abfahren,to depart
das Abgas,"exhaust, waste gas"
abgeben,to hand in
abhängen,"to take down, uncouple, depend upon"
abhängig,dependent on
abheben,to lift (up)
abholen,to pick up (from a place)
das Abitur (Sg.),school graduation exam
ablehnen,to refuse
abmachen,"to take off, agree"
abnehmen,"to take off, remove, take away, loose weight"
abonnieren,to subscribe
das Abonnement,subscription
der Abschluss,school graduation or result
der Absender,sender
die Absicht,intention
absolut,absolute
abstimmen,to vote
die Abteilung,Department
abwaschen,wash up
ach,Oh
achten auf,to pay attention (to)
die Achtung (Sg.),"Danger, Attention"
die Adresse,address
die Agentur,Agency
ähnlich,similar
aha,Aha
die Ahnung,"idea, suspicion"
die Aktion,action
aktiv,active
die Aktivität,activity
aktuell,current (now)
akzeptieren,to accept
der Alarm,alarm
der Alkohol,alcohol
all-,everything
allein,alone
aller,all
allerdings,"admittedly, certainly"
allgemein,general
der Alltag,daily routine
das Alphabet,alphabet
als,"when, as, than"
als ob,as if
also,"so, therefore"
alt,old
das Alter,age
das Altenheim,"old people's home, retirement home"
das Altersheim,"old people's home, retirement home"
an,on
die Ampel,traffic light
das Amt,office
sich amüsieren,to amuse oneself
analysieren,to analyse
anbieten,to offer
das Angebot,offer
ander-,other
andererseits,on the other hand
ändern,to change
die Änderung,"modification, change"
anders,different
anerkennen,to recognize
anfangen,to begin
der Anfang,beginning
anfangs,at/ in the beginning
"die Angabe,-n","information, specification"
angeben,to boast
der Angehörige,"relative (cousin, etc)"
angenehm,pleasant
die Angst,fear
ängstlich,"nervous, worried, timid"
anhaben,to have on
ankommen,to arrive
die Ankunft,arrival
die Anlage,"music system, attachment, investment"
anmelden,"to announce, make an appointment"
die Anmeldung,"appointment, announcement"
die Anrede,form of address
anrufen,"to telephone, call, call out"
der Anruf,call
der Anrufbeantworter,answering machine
die Ansage,announcement
anschaffen,to purchase
anschließen,to connect
der Anschluss,"connection (TV, internet)"
anschnallen,"to strap in, fasten seat belt"
ansehen,to look at
ansprechen,to speak to
der Anspruch,claim
anstellen,"to turn on, employ"
der Angestellte,employee
sich anstrengen,"to tire oneself out, strain oneself"
anstrengend,exhausting
der Antrag,"application, proposal, motion"
anwenden,"to use, employ, apply"
anwesend,present
antworten,to answer (to a person)
die Antwort,answer
der Anwalt,lawyer
anzeigen,"to report (to police), show, announce"
die Anzeige,"advertisement, announcement"
anziehen,to dress
der Anzug,suit
das Apartment,apartment
der Apfel,apple
die Apotheke,pharmacy
der Apparat,piece of apparatus
der Appetit,appetite
die Aprikose,apricot
arbeiten,to work
die Arbeit,work
der Arbeiter,worker
der Arbeitgeber,employer
der Arbeitnehmer,employee
die Arbeitserlaubnis,work permit
arbeitslos,unemployed
die Arbeitslosigkeit,unemployment
der Arbeitsplatz,"workplace, job, place of work"
die Arbeitsstelle,"workplace, job, place of work"
ärgern,to annoy
der Ärger (Sg.),annoyance
ärgerlich,annoying
arm,poor
der Arm,arm
die Art,type
der Artikel,article
der Arzt,doctor
das Asyl,asylum
atmen,to breathe
auch,also
auf,"on, in, on, up"
der Aufenthalt,"stay, delay, stop"
auffallen,"to be noticeable, make an impression"
die Aufforderung,"order, invitation"
aufführenührt auführte auführt,"to perform, list, specify"
die Aufgabe,"task, exercise"
aufgeben,"to give in, give up"
aufhalten,"to detain, check, hold/ keep open"
aufheben,"to raise, lift, wind up, abolish"
aufhören,to stop
auflösen,to dissolve
aufmerksam,attentive
aufnehmen,"to receive, pick up, admit, include"
die Aufnahme,"picture, recording, admission"
aufpassen,to be careful
aufräumen,to tidy up
aufregen,to excite
auf sein,to be up
aufstehen,to get up
der Auftrag,"order, commission, mission"
auftreten,occur
aufwachen,to wake up
aufwärts,upwards
der Aufzug,lift
das Auge,eye
der Augenblick,moment
aus,"out, leave, from, made of"
die Ausbildung,"education, training, instruction"
der Ausbildungsplatz,"training place, apprenticeship"
ausgebildet,"educated, trained"
ausdrucken,print
der Ausdruck,"expression, printout"
auseinander,apart
die Ausfahrt,exit
ausfallen,"canceled, fall out, drop out"
der Ausflug,"excursion, trip"
ausfüllenüllt ausüllte ausüllt,"complete, fill"
ausgeben,spend
die Ausgabe,"expenses, output, distribution"
ausgehen,go out
der Ausgang,exit
die Aushilfe,"assistant, temporary help"
die Auskunft,"information, information desk"
das Ausland (Sg.),"foreign countries, abroad"
der Ausländer,foreigner
ausländisch,foreign
ausmachen,to turn off
die Ausnahme,exception
ausreichend,"sufficient, enough"
ausrichten,"to align, adjust, convey a message"
ausschließen,"to exclude, rule out"
ausschließlich,exclusive
aussehen,"to seem, appear, look"
aus sein,be off
außen,"outside, outwards"
außer,except for
äußerlich,external
außerdem,besides
außerhalb,"outside, beyond"
die Aussicht,"view, perspective"
aussprechen,to pronounce
die Aussprache (Sg.),pronunciation
ausstellen,"to exhibit, show"
die Ausstellung,exhibition
(sich etwas) aussuchen,"to select, pick out"
auswählen,"to select, choose"
der Ausweis,identification
ausziehen,to undress
der Auszubildende,trainee
das Auto,car
die Autobahn,motorway
der Automat,dispensing machine
automatisch,automatic
das Baby,baby
der Babysitter,baby sitter
backen,to bake
die Bäckerei,bakery
baden,to bathe
das Bad,bath
die Badewanne,bathtub
die Bahn,train
die S-Bahn,city (overground) train
die Straßenbahn,tram
die U-Bahn,underground train
der Bahnhof,railway station
der Bahnsteig,platform
bald,soon
der Balkon,balcony
der Ball,ball
die Banane,banana
die Bank,bank
die Bankleitzahl,bank code number
bar,cash
das Bargeld,cash
der Bart,beard
die Batterie,battery
der Bauch,stomach
bauen,to build
der Bau,building
die Baustelle,building site
der Bauer,farmer
der Baum,tree
beachten,to observe
der Beamte,official
beantragen,"to apply for, ask for"
beantworten,to answer (a thing)
sich bedanken,to thank
bedeuten,to mean
bedienen,to serve
die Bedienungsanleitung,operating instructions
die Bedingung,"conditions, terms"
sich beeilen,to hurry
beenden,to finish
sich befinden,to be located
befreit,"free from, excepted from"
befriedigend,satisfying
begegnen,to encounter
begeistert,excited
beginnen,begin
der Beginn (Sg.),beginning
begleiten,to accompany
begrenzt,"limited to, restricted to"
begründenündetündeteündet,to justify
die Begründung,"reason, justification"
begrüßenüßtüßteüßt,to greet
behalten,to keep
behandeln,to treat
behindern,to block
die Behörde,authorities
bei,"near, at, on"
beid-,both
das Bein,leg
beinahe,"almost, nearly"
das Beispiel,example
zum Beispiel,for example
der Beitrag,"contribution, fee, subscription, premium"
bekannt,"well-known, famous"
der Bekannte,"acquaintance, known person"
bekannt geben,to announce publicly
bekommen,"to receive, get"
der Beleg,"receipt, documentary evidence"
beleidigen,to insult
beliebt,"loved, liked a lot"
bemerken,to notice
benötigen,to require
benutzen,to use
das Benzin (Sg.),"petrol (uk), gas (us)"
beobachten,to observe
bequem,comfortable
beraten,to advise
die Beratung,"advice, consultation"
berechnen,to calculate
berechtigt,entitled
der Bereich,area
bereit,ready
bereits,already
der Berg,mountain
berichten,to report
der Bericht,report
der Beruf,profession
beruflich,professional/ vocational
berufstätig,employed
beruhigen,to calm down
berühmt,famous
beschädigen,to damage
beschäftigen,employ
die Beschäftigung,"employment, occupation"
der Bescheid,"information, directions"
Bescheid sagen,to let someone know (tell someone)
Bescheid geben,to let someone know (give someone information)
die Bescheinigung,certificate
beschließen,to decide on
beschränken,"to limit, restrict"
beschreiben,"to describe, write on"
die Beschreibung,description
sich beschweren,to complain
besetzen,to occupy
besichtigen,to view something
besitzen,to own
besonder-,special
besonders,particularly
besorgen,"to acquire, purchase, deal with, take care of"
besprechen,discuss
die Besprechung,"meeting, discussion"
die Besserung (Sg.),recovery
bestätigen,to confirm
die Bestätigung,confirmation
bestellen,to order
bestimmt,"certain, definite"
bestrafen,to punish
besuchen,to visit
der Besuch,visit
sich beteiligen,"to take part, participate"
der Betrag,"amount, sum"
betreuen,to look after
die Betreuung (Sg.),care
der Betrieb,"firm, concern, plant, operation"
der Betriebsrat,workers' council
betrügenügt,cheat
das Bett,bed
betrunken,drunk
die Bevölkerung,population
bevor,before
bewegen,to move
die Bewegung,movement
beweisen,to prove
der Beweis,proof
sich bewerben,to apply for
die Bewerbung,application
der Bewohner,inhabitant
bezahlen,to pay
die Beziehung,"connection, relationship"
die Bibliothek,library
das Bier,beer
der Biergarten,beer garden
bieten,to offer
das Bild,picture
der Bildschirm,screen
billig,cheap
biologisch,biological
die Birne,pear
bis,until
ein bisschen,a bit
bitten,to request
die Bitte,request
bitte,you're welcome
bitter,"bitter, acridly"
blass,pale
das Blatt,"leaf, sheet"
blau,blue
bleiben,to stay
der Bleistift,pencil
der Blick,view
der Blitz,lightning
blond,blond
bloß,"only, merely"
blühenühtühteüht,"to bloom, blossom"
die Blume,flower
die Bluse,blouse
bluten,to bleed
das Blut (Sg.),blood
der Boden,floor
der Bogen,"curve, arch, bow"
die Bohne,bean
das Bonbon,sweet
das Boot,boat
die Botschaft,embassy
böse,"bad, evil, angry"
braten,to fry
der Braten,"roast, joint"
brauchen,to need
braun,brown
brechen,to break
breit,wide
die Breite,width
bremsen,to brake
die Bremse,brake
brennen,to burn
der Brief,letter
der Briefkasten,letter box
die Briefmarke,stamp
der Briefträger,postman
der Briefumschlag,envelope
die Brille,glasses
bringen,to bring
die Broschüre,brochure
das Brot,bread
das Brötchen,bread roll
die Brücke,bridge
der Bruder,brother
die Brustüste,"breast, chest"
das Buch,book
die Buchhandlung,bookshop
die Bücherei,library
buchen,to book
buchstabieren,to spell
der Buchstabe,letter (of the alphabet)
bunt,colourful
der Bürger,citizen
das Bürgerbüro,community office
der Bürgersteig,sidewalk
das Büro,office
die Bürste,brush
die Zahnbürste,toothbrush
der Bus,bus
die Butter (Sg.),butter
das Café,cafe
das Camping (Sg.),camping
die CD,CD
die CD-ROM,CD-ROM
die Chance,chance
chatten,to chat (internet)
der Chef,"head, boss"
die Chemie (Sg.),chemistry
circa,approximately
der Club,club
das Cola,cola
die Couch,couch
der Cousin,cousin
der Computer,computer
die Creme,cream
da,"there, here, then, so, as, since"
da sein,to be there
dabei sein,to be there
das Dach,roof
dafür,for it
dafür sein,be for it
dagegen sein,be against
daher,"from there, from that, that's why"
dahin,"go towards there, until then"
damals,at that time
die Dame,lady
damit,"with that, thereby"
danach,afterwards
daneben,beside it
danken,to thank
der Dank (Sg.),thanks (noun)
danke,thanks (thank you)
dankbar,"grateful, thankful"
dann,then
dass,that
die Datei,data folder
das Datum,date(s)
Daten,data
dauern,to last
die Decke,"ceiling, blanket"
die Demokratie,democracy
demokratisch,democratic
denken,to think
denn,then
derselbe,the same
deshalb,"therefore, that's why"
je … desto,the ... the
deswegen,that is why
deutlich,clearly
die Diät,diet
dicht,"dense, thick"
dick,"fat, thick"
der Dieb,thief
der Dienst,service
dies,this
der Diesel (Sg.),diesel
diesmal,this time
digital,digital
das Ding,thing
direkt,direct
der Direktor,director
die Diskothek,discotheque
diskutieren,to discuss
die Diskussion,discussion
doch,"after all, that's not true, nevertheless"
der Doktor,doctor
doppelt,double
Doppel-,double
das Dorf,village
dort,there
dorthin,there
die Dose,can
draußen,outside
drehen,"to turn, rotate"
dringend,urgent
drin,"indoor, inside"
die Drogerie,pharmacist
drüben,over there
drucken,to print
der Drucker,printer
drückenücktückteückt,"to press, pinch, keep down, oppress"
der Druck (Sg.),pressure
dumm,dumb
dunkel,dark
dünn,thin
durch,through
durcheinander,"in a mess, confused"
die Durchsage,announcement (radio)
durchschnittlich,on average
dürfen… dürfen,to be allowed to
der Durst (Sg.),thirst
duschen,to shower
die Dusche,shower
die DVD,DVD
eben,"exactly, just, level, smooth"
ebenfalls,likewise
ebenso,just as
echt,"real, really"
die EC-Karte,EC card (bank card)
Karte,map
die Ecke,corner
egal,all the same
die Ehe,marrige
die Ehefrau,wife
der Ehegatte,spouse
das Ehepaar,married couple
eher,"sooner, rather, more"
die Ehre (Sg.),honor
das Ei,egg
eigen,"own, peculiar, particular"
eigentlich,"actually, real, actual"
sich eignen,to be suited
eilen,to hurry
die Eile (Sg.),haste
eilig,"hasty, hurry"
ein,a
die Einbahnstraße,one way street
einbrechen,to break in
der Einbrecher,burglar
der Einbruch,break in
eindeutig,clearly
der Eindruck,impression
einerseits,on one hand
einfach,single
die Einfahrt,"driving in, entrance, slip road"
einfallen,"to fall in, collapse"
der Einfall,"incidence, idea"
der Einfluss,influence
die Einführung,introduction
der Eingang,entrance
einig,several
einigen,to agree on something
einkaufen,to shop
der Einkauf,shopping
das Einkommen,income
einladen,to invite
die Einladung,invitation
einmal,once
einnehmen,"to take, take up"
die Einnahme,"revenue, takings, income"
einpacken,to pack
einrichten,"to establish, set up, furnish"
die Einrichtung,"furnishings, organisation, equipment"
einsam,"lonely, solitary"
einschalten,to turn on
einschließlich,inclusive
das Einschreiben,registered mail/ post
einsetzen,"to put, set, install"
einsteigen,"to board, get in"
einstellen,"to employ, take on, adjust"
eintragen,"to enter, put one's name down"
eintreten,"to enter, occur"
der Eintritt,"admission, entrance"
einverstanden,agreed
der Einwohner,inhabitant
einzahlen,to pay in
einzeln,"single, odd (from a pair)"
Einzel-,only-
die Einzelheit,"particular, detail"
einzig,"only, unique"
einziehen,"to move in, draw in, take in"
das Eis (Sg.),ice cream
das Eisen,iron
die Eisenbahn,railway
elegant,elegant
elektrisch,electrical
Elektro-,electric
elektronisch,electronic
die Eltern (Pl.),parents
der Elternabend,parents evening
der Elternbeirat,parent council
die E-Mail,e mail
empfangen,to receive
der Empfang,reception
empfehlen,to recommend
die Empfehlung,recommendation
enden,to end
das Ende,end
endgültig,"final, definite"
endlich,finally
die Energie,energy
eng,tight
der Enkel,grandchild
entdecken,to discover
entfernt,"away, remote"
die Entfernung,distance
entgegenkommen,"to come towards, approach"
enthalten,to contain
entlang,along
entlassen,"to dismiss, discharge"
entscheiden,to decide
die Entscheidung,decision
sich entschließen,"to make up one's mind, to decide"
entschlossen sein,to be determined
entschuldigen,to apologise
die Entschuldigung,apology
entsorgen,"get rid of rubbish, throw away rubbish from a town"
entspannend,relaxing
entstehen,"to arise, result"
enttäuschen,to disappoint
die Enttäuschung,disappointment
entweder ... oder,either ... or
entwickeln,develop
die Entwicklung,development
die Erde,earth
das Erdgeschoss,ground floor
das Ereignis,event
erfahren,"to learn, find out, experience"
die Erfahrung,experience
erfinden,to invent
die Erfindung,invention
der Erfolg,success
erfolgreich,successful
erfordern,to require
erforderlich,required
erfüllenülltüllteüllt,to fulfil
ergänzen,"to supplement, complete"
das Ergebnis,result
erhalten,"to preserve, maintain, receive"
erhöhen,"to increase, raise"
die Erhöhung,increase
sich erholen,to recover
die Erholung,"rest, relaxation, recovery"
erinnern,to remember
die Erinnerung,memory
sich erkälten,to catch a cold
erkältet sein,have a cold
erkennen,to recognise
erklären,to explain
die Erklärung,"explanation, declaration"
erkundigen,to inquire (about)
erlauben,to allow
die Erlaubnis,permission
erleben,"to experience, live through"
das Erlebnis,experience
erledigen,"to take care of, deal with"
erleichtern,"to make easier, lighten"
die Ermäßigung,reduction
ernähren,"to feed, nourish"
die Ernährung,nourishment
ernst,serious
eröffnen,to open
die Eröffnung,opening
erreichen,to reach
der Ersatz (Sg.),replacement
das Ersatzteil,spare part
erschöpft,exhausted
erschrecken,"to scare, schock"
ersetzen,to replace
erst,first
erst-,first
erstellen,"to erect, build"
der Erwachsene,adult
erwarten,to expect
erzählen,to tell
erziehen,"to bring up, raise"
die Erziehung,"up bringing, education"
es,it
essen,to eat
das Essen,food
der Essig,vinegar
etwa,about
etwas,something
eventuell,"possibly, perhaps"
ewig,eternally
der Experte,expert
der Export,export
extra,extra
extrem,extreme
die Fabrik,factory
das Fach,"compartment, field of expertise, subject"
der Fachmann,expert
die Fachleute (Pl.),experts
die Fähre,ferry
fahren,to drive
die Fahrbahn,"carriageway, roadway"
"der Fahrer,",driver
die Fahrkarte,ticket
der Fahrplan,timetable
das Fahrrad,bicycle
die Fahrschule,driving school
das Fahrzeug,vehicle
fair,fair
fallen,to fall
der Fall,case
fällig,due
falls,in case
falsch,wrong
die Familie,family
der Familienstand,marital status
der Fan,"fan (sport, etc.)"
fangen,to catch
die Fantasie,fantasy
die Farbe,colour
farbig,colourful
fast,nearly
faul,lazy
faxen,to fax
das Fax,fax
fehlen,"to be wanting, missing, absent"
"der Fehler,",mistake
feiern,to celebrate
die Feier,celebration
der Feierabend,end of the working day
der Feiertag,public holiday
"das Fenster,",window
die Ferien (Pl.),holidays
die Fernbedienung,remote control
fernsehen,to watch television
das Fernsehen (Sg.),television
der Fernseher,television
fertig,ready
fest,"fixed, firm, solid, stong"
das Fest,"celebration, festival, party"
die Festplatte,hard disk
festhalten,"to seize, hold fast"
festlegen,"commit, set, establish"
festnehmen,"to capture, arrest"
das Festnetz,landline
festsetzen,"to fix, settle"
feststellen,"to establish, remark, lock"
fett,fat
das Fett,fat
feucht,damp
das Feuer,fire
das Feuerzeug?,lighter
die Feuerwehr,fire brigade
das Fieber (Sg.),"fever, temperature"
die Figur,figure
der Film,film
finanzieren,"to finance, be financed"
finanziell,financial
finden,to find
der Finger,finger
die Firma,firm
der Fisch,fish
fit,fit
die Fitness (Sg.),fitness
flach,flat
die Fläche,area
die Flasche,bottle
der Fleck,"stain, patch"
das Fleisch (Sg.),meat
fleißig,"diligent, industrious"
flexibel,flexible
fliegen,to fly
fliehen,to flee
die Flucht,flight
fließen,to flow
fließend,fluent
der Flug,flight
der Flughafen,airport
das Flugzeug,airplane
der Flur,hallway
der Fluss,river
die Flüssigkeit,fluid
folgen,to follow
die Folge,episode
folgend,following
fordern,to demand
die Forderung,demand
fördern,"to promote, help"
die Förderung,promotion
die Form,shape
das Formular,formular
die Fortbildung,further education
der Fortschritt,progress
fortsetzen,to continue
die Fortsetzung,"continuation, follow up"
fotografieren,to photograph
das Foto,photo
der Fotoapparat,camera
die Fotografie,photography
fragen,to ask
die Frage,question
die Frau,woman
frech,cheeky
frei,free
die Freiheit,freedom
die Freizeit,freetime
freiwillig,voluntary
fremd,foreign
die Fremdsprache,foreign language
fressen,to eat (for animals)
sich freuen,to be glad
die Freude,pleasure
der Freund,friend
freundlich,friendly
frisch,fresh
der Friseur,hairdresser
die Frist,deadline
befristet,"limited, temporary"
froh,"happy, glad"
die Frucht,fruit
früh,early
früher/früher-,"earlier, in former times"
frühstückenühstücktühstückteühstückt,to have breakfast
das Frühstück,breakfast
fühlenühltühlteühlt,feel
führenührtührteührt,to lead
der Führerschein,driving license
die Führung,"guide, lead, tour"
das Fundbüro,lost property office
funktionieren,to function
für,for
furchtbar,terrible
der Fuß,foot
der Fußball,football
der Fußgänger,pedestrian
die Fußgängerzone,pedestrian area
die Gabel,fork
der Gang,"walk, passage, aisle"
ganz,"complete, completely"
gar,"quite, at all"
die Garage,garage
garantieren,to guarantee
die Garantie,guarantee
die Garderobe,cloakroom
der Garten,garden
das Gas,gas
der Gast,guest
die Gaststätte,restaurant
das Gebäude,building
geben,to give
das Gebäck,busicuits
geboren werden,to be born
gebrauchen,to use
die Gebrauchsanweisung,instructions
die Gebühr,fee
die Geburt,birth
der Geburtstag,birthday
die Geduld (Sg.),patience
geehrt,"Dear (Sir or Madam, in letters)"
geeignet sein,be suitable
die Gefahr,danger
die Lebensgefahr,risk of death
gefährlich,dangerous
gefallen,to like (pp. fallen)
gefallen lassen,"like, favor, please"
das Gefängnis,prison
das Gefühl,feeling
gegen,"against, at"
die Gegend,"area, district"
der Gegenstand,object
gegenüber,opposite
das Gehalt,salary
geheim,secret
das Geheimnis,secret
gehen,to go
gehören,to belong to
gelb,yellow
das Geld,money
das Taschengeld,pocket money
die Gelegenheit,opportunity
gelingen,to succeed
gelten,to be valid
gemeinsam,together
das Gemüse,vegetables
gemütlich,cosy
genau,exactly
genauso,exactly like
genug,enough
die Genehmigung,approval
genügenügtügteügt,to be enough
das Gepäck (Sg.),"luggage, baggage"
gerade,straight
geradeaus,straight ahead
das Gerät,device
gerecht,"just, fair"
das Gericht,court
die Gerichtsverhandlung,trial
gering,"slight, small, low, short"
gern/gerne,with pleasure
gesamt-/Gesamt-,all
das Geschäft,"business, shop"
die Geschäftsleute (Pl.),business people
geschehen,to happen
das Geschenk,present
die Geschichte,history
das Geschlecht,"sex, gender"
geschieden,divorced
das Geschirr,"crockerz, pots and pans"
der Geschmack,taste
die Geschwindigkeit,speed
die Geschwindigkeitsbeschränkung,speed limit
die Geschwister (Pl.),sisters
die Gesellschaft,society
das Gesetz,law
das Gesicht,face
gespannt,"tense, strained, curious, eager"
das Gespräch,"conversation, discussion"
gestern,yesterday
gesund,healthy
die Gesundheit,health
das Getränk,drink
getrennt leben,to live separate lives
die Gewerkschaft,union
das Gewicht,weight
gewinnen,to win
der Gewinn,profit
das Gewissen,conscience
das Gewitter,thunderstorm
gewöhnen,"to accustom, get used to"
gewöhnlich,"usual, ordinary, common"
gewohnt,usual
das Gewürz,spice
gießen,to water
das Gift,poison
giftig,toxic
die Gitarre,guitar
das Glas,glass
glatt,"smooth, slipperz"
glauben,to believe
gleich,"equal, identical, the same"
gleichfalls,likewise
gleichberechtigt,with equal rights
gleichzeitig,at the same time
das Gleis,platform
das Glück (Sg.),luck
glücklich,"happy, happily"
der Glückwunsch,"congratulations, best wishes"
das Gold (Sg.),gold
der Gott,god
das Gras,grass
gratulieren,to congratulate
gratis,free
grau,grey
greifen,"to grasp, seize, grab"
die Grenze,border
grillen,to grill (BBQ)
der Grill,grill
die Grippe,flu
groß,big
Groß-,grand-
die Großstadt,big city
die Größe,size
grün,green
gründenündetündeteündet,to found
der Grund,ground
gründlich,thorough
das Grundstück,"property, land"
die Gruppe,group
grüßenüßtüßteüßt,to greet
der Gruß,greeting
gucken,to look
gültig,valid
günstig,good value
gut,good
das Haar,hair
haben,to have
das Hackfleisch (Sg.),minced meat
der Hafen,habour
das Hähnchen,tiny male chicken
halb,half
die Halbpension,half board
halbtags,half day
die Hälfte,half
die Halle,hall
hallo,hello
der Hals,throat
halt,stop
haltbar,"durable, non-perishable"
halten,to keep
der Halt,stop
die Haltestelle,stop(ping place)
der Hammer,hammer
die Hand,the hand
das Handtuch,towel
handeln,"to deal, trade"
der Handel (Sg.),trade
der Händler,"seller, dealer"
der Handwerker,"craftsman, workman, artisan"
das Handy,cell phone
hängen,to hang
hart,hard
hassen,to hate
hässlich,horrible
häufig,"frequent, frequently"
die Hauptstadt,capital city
der Hauptbahnhof,main railway station
das Haus,haus
die Hausaufgabe,homework
die Hausfrau,housewife
der Hausmann,househusband
der Haushalt,household
der Hausmeister,caretaker
die Haut,skin
heben,to lift
das Heft,exercise book
das Heim,home
die Heimat (Sg.),home place
heimlich,secretly
das Heimweh (Sg.),home sickness
heiraten,to marry
heiß,hot
heißen,to be called
heizen,to heat
die Heizung,heating
helfen,to help
hell,light
das Hemd,shirt
her,"direction from, to"
heraus-,find out
der Herd,stove
herein-,"in (here), here"
die Herkunft,origin
das Herkunftsland,country of origin
der Herr,"man, gentleman"
herstellen,"to make, manufacture"
der Hersteller,manufacturer
herunter-,download
(he)runterfahren,shut down
das Herz,heart
herzlich,cordial
heute,today
hier,here
hierher,"this way, here"
die Hilfe,help
der Himmel,sky
hinten,"behind, at the back"
hinter/hinter-,behind
hinterher,"afterwards, after"
hinterlassen,to leave
hinweisen,"to point to, to refer to"
historisch,historical
der Hit,"hit (song, etc.)"
die Hitze (Sg.),heat
das Hobby,hobby
hoch,high
die Höhe,hight
höchstens,at the most
die Hochzeit,wedding
der Hof,yard
der Bauernhof,farm
hoffen,to hope
hoffentlich,hopefully
die Hoffnung,hope
höflich,polite
holen,to get
das Holz,wood
der Honig,honey
hören,to hear
die Hose,trousers
das Hotel,hotel
hübsch,"pretty, nice"
das Hühnchen,tiny female chicken
der Humor (Sg.),humor
der Hund,dog
der Hunger (Sg.),hunger
hungrig,hungry
hupen,to hoot
husten,to cough
der Husten,the cough
der Hut,hat
der ICE,intercity express train
ideal,ideal
die Idee,idea
illegal,illegal
immer,"always, still"
der Import,import
in,"in, into"
impfen,vaccinate
die Industrie,industry
das Industriegebiet,industrial area
die Infektion,infection
informieren,to inform
die Information,information
der Ingenieur,engineer
der Inhalt,contents
inklusive,"inclusive, inclusive of"
innen,inside
die Innenstadt,downtown
inner-,"inner, internal"
innerhalb,"within, inside"
die Insel,island
insgesamt,"a total of, total"
installieren,to install
das Institut,institute
das Instrument,instrument
integrieren,to integrate
die Integration,integration
der Integrationskurs,integration course
intelligent,intelligent
die Intelligenz,intelligence
intensiv,intensiv
der Intensivkurs,intensive course
interessieren,to interest
interessant,interesting
das Interesse,interest
interkulturell,intercultural
international,international
das Internet (Sg.),internet
der Internetanschluss,internet connection
das Internetcafé,internet cafe
das Interview,interview
inzwischen,meanwhile
irgend-/irgendein-,"some, any"
irgendwann,sometime
irren,be wrong
isolieren,isolate
ja,yes
die Jacke,jacket
die Jahreskarte,annual pass
der Jazz (Sg.),jazz
je,"ever, each, every"
je ... desto ...,the ... the
die Jeans (Pl.),jeans
jeder,every
jederzeit,at any time
jedes Mal,every time
jemals,ever
jemand,someone
jetzt,now
jeweils,each time
jobben,"to work, have a job"
der Job,job
joggen,to jog
der Journalist,journalist
die Jugend (Sg.),youth
das Jugendamt,youth welfare office
der Jugendliche,"young person, teenager"
jung,young
der Junge,boy
die Kabine,"cabin, cubicle"
der Kaffee,coffee
der Kalender,calendar
kalt,cold
die Kälte (Sg.),"coldness, cold (weather)"
die Kamera,camera
kämpfen,to fight
der Kampf,"struggle, fight"
der Kanal,canal
die Kanne,pot
die Kantine,cantine
das Kapitel,chapter
kaputt,broken
kaputtgehen,to get broken
kaputtmachen,to break
die Karriere,career
die Karte,"card, menu, ticket, map"
die Kartoffel,potato
der Käse,cheese
die Kasse,"till, cash register"
der Kasten,"case, box, crate"
der Katalog,catalogue
die Katastrophe,catastrophe
die Katze,cat
(sich etwas) kaufen,to buy
der Kauf,buy
der Käufer,buyer
das Kaufhaus,"department store, shopping center"
kaum,"hardly, scarcely"
kein,"no, not"
der Keller,cellar
der Kellner,waiter
kennen,to know
die Kenntnisse (Pl.),knowledge
kennenlernen,"to get to know, meet"
das Kennzeichen,number plate
die Kerze,candle
die Kette,chain
das Kind,child
der Kindergarten,Nursery school
der Kinderwagen,stroller
die Kindheit,childhood
die Kindertagesstätte,day care center
das Kino,cinema
der Kiosk,kiosk
die Kirche,church
das Kissen,pillow
klappen,to work (well)
klar,clear
klären,to clarrify
die Klasse,class
die Klassenarbeit,classwork
klasse,"class, great"
das Klavier,piano
kleben,to stick
das Kleid,dress
die Kleidung (Pl.),clothers
klein,small
klicken,to click
der Klick,click
das Klima,climate
die Klimaanlage,air conditioner
klingeln,to ring
die Klingel,door bell
klingen,sound
die Klinik,clinic
klopfen,to knock
der Kloß,dumpling
knapp,"tight, scarce, short, just"
die Kneipe,pub
das Knie,knee
der Knochen,bones
der Knopf,button
der Koch,cook
kochen,to cook
der Koffer,suitcase
der Kofferraum,trunk
der Kollege,colleague
komisch,"strange, funny, odd"
kommen,to come
die Kommunikation,communication
komplett,completely
kompliziert,complicated
der Kompromiss,compromise
der König,king
die Konkurrenz,competition
können,to be able to
das Konsulat,consulate
der Kontakt,contact
das Konto,account
das Girokonto,current account
kontrollieren,to control
die Kontrolle,control
konzentrieren,to concentrate
das Konzert,concert
der Kopf,head
kopieren,to copy
die Kopie,copy
der Körper,body
körperlich,physical
korrekt,correct
korrigieren,to correct
die Kosmetik (Sg.),cosmetics
kosten,"to cost, taste"
die Kosten (Pl.),costs
kostenlos,free
das Kostüm,"costume, suit"
die Kraft,strength
kräftig,strong
das Kraftfahrzeug,motor vehicle
krank,ill
krankschreiben,sick leave
krankmelden,report sick
der Kranke,"sick-person, invalid"
das Krankenhaus,hospital
die Krankenkasse,health insurance
der Krankenpfleger,male nurse
die Krankenschwester,female nurse
der Krankenwagen,ambulance
die Krankheit,illness
der Kredit,"credit, loan"
die Kreditkarte,credit card
der Kreis,circle
das Kreuz,cross
die Kreuzung,"crossing, junction"
kriegen,"to get, receive"
die Kriminalpolizei,Criminal Investigation Department
der Krimi,"thriller, crime film or TV programme"
kritisieren,to criticise
die Kritik,criticism
kritisch,critical
die Küche,kitchen
der Kuchen,cake
der Kugelschreiber,"ball-point pen, biro"
der Kuli,Biro
die Kuh,cow
kühl,cool
der Kühlschrank,fridge
die Kultur,culture
kulturell,cultural
kümmernümmertümmerteümmert,to look after
der Kunde,customer
kündigenündigtündigteündigt,to give one's notice
die Kündigung,notice
die Kunst,art
der Künstler,artist
künstlich,artificial
der Kunststoff,artificial material
der Kurs,course
der Kursleiter / -in,course leader
die Kurve,curve
kurz,short
küssenüsstüssteüsst,to kiss
der Kuss,kiss
die Küste,coast
das Labor,laboratory
lächeln,to smile
lachen,to laugh
der Laden,shop
die Lage,"position, situation, place"
das Lager,camp
die Lampe,lamp
das Land,"land, country, state"
landen,to land
die Landung,landing
die Landwirtschaft,agriculture
lang,long
die Länge,length
lang(e),long
längst,long (time) ago
langsam,slow
langweilig,boring
der Lärm (Sg.),noise
lassen,"to leave, allow, stop, have something done"
der Laster,"lorry, truck"
laufen,to run
das Laufwerk,"(computer) drive, running gear"
die Laune,mood
laut,loud
der Lautsprecher,loud speaker
leben,to live
das Leben,life
der Lebenslauf,"curriculum vitae, CV"
die Lebensmittel (Pl.),food
das Leder,leather
ledig,single
leer,empty
legen,"to lay, put, place, lie down"
die Lehre,apprenticeship
der Lehrer,teacher
der Lehrling,"apprentice, trainee"
leicht,light
leidtun,"to hurt, to be sorry"
leiden,to suffer
leider,unfortunately
leihen,to lend
leise,quiet
leisten,"to supply, afford"
die Leistung,"performance, achievement"
leiten,"to lead, manage, direct"
der Leiter,"leader, head"
die Leitung,management
die Leiter,ladder
lernen,to learn
lesen,to read
letzt,last
die Leute (Pl.),people
das Licht,light
lieben,to love
lieb,"dear, sweet, nice"
die Liebe,love
Lieblings-,favourite-
das Lied,song
liefern,to deliver
die Lieferung,delivery
liegen,to lie (place/ location)
der Lift,lift
die Limonade,lemonade
die Linie,line
links,left
link-,left
die Lippe,lip
die Liste,list
der LKW,truck (short for der Lastkraftwagen)
loben,to praise
das Loch,hole
locker,"loose, relaxed"
der Löffel,spoon
der Lohn,salary
sich lohnen,"be worth it, to be profitable"
das Lokal,pub
los,"go on, the matter"
losfahren,to leave
löschen,"to put out, erase, cancel"
lösen,to solve
die Lösung,solution
die Luft,air
lügenügt,to lie
die Lüge,lie
die Lust,desire
lustig,funny
machen,"to make, do"
das Mädchen,girl
der Magen,stomach
mager,lean
die Mahlzeit,meal
die Mahnung,"warning, reminder"
der Makler,estate agents
mal,"times, once"
das Mal,time
malen,to draw
der Maler,painter
die Mama,mum
man,one
manch-,some
manchmal,sometimes
der Mann,man
männlich,male
die Mannschaft,team
der Mantel,"coat, jacket"
das Märchen,fairytale
die Margarine,margarine
die Marke,"mark, brand, stamp"
markieren,to mark
der Markt,market
die Marmelade,jam
die Maschine,machine
die Maßnahme,measure
das Material,material
die Mathematik (Sg.),mathematics
die Mauer,wall
die Maus,mouse
maximal,maximum
der Mechaniker,mechanic
das Medikament,medicine
die Medizin (Sg.),medicine
das Meer,sea
das Mehl,flour
mehrere,several
die Mehrheit,majority
die Mehrwertsteuer (Sg.),"value added tax, VAT"
meinen,"to mean, think"
die Meinung,opnion
meinetwegen,"on my account, as far as I'm concerned"
meist-,most
meistens (meist),mostly
der Meister,"master, champion"
melden,"to report, register, put one's hand up, volunteer"
die Meldung,"announcement, report"
die Menge,"quantity, lot (of)"
der Mensch,"human being, person"
menschlich,"human, humane"
merken,to notice
merkwürdig,odd
die Messe,"fair, show"
messen,to measure
das Messer,knife
das Metall,metal
die Methode,method
die Metzgerei,butcher's shop
mieten,to rent
die Miete,"rental fee, rent"
der Mieter,tenant
der Migrant,migrant
die Migration,migration
der Migrationshintergrund,immigrant background
die Milch (Sg.),milk
mild,mild
die Minderheit,minority
mindestens,at least
das Mineralwasser,mineral water
mischen,to mix
missverstehen,misunderstand
das Missverständnis,misunderstanding
mit,with
der Mitarbeiter,employee
miteinander,"together, with one another"
das Mitglied,member
die Mitte,middle
mitteilen,to take part
das Mittel,"medium, remedy"
mitten,in the middle of
mittler-,middle
die Möbel,furniture
möbliert,furnished
das Mobiltelefon,mobile telephone
die Mode,fashion
das Modell,model
modern,modern
mögen,to like
möglich,possible
die Möglichkeit,possibility
möglichst,as...as possible
der Moment,moment
der Mond,moon
der Monitor,monitor
der Motor,motor
das Motorrad,motorbike
müde,tired
die Mühe,effort
der Müll (Sg.),"rubbish, trash"
die Müllabfuhr,"garbage/ rubbish collection, collectors"
der Mülleimer,"trashcan, waste basket"
die Mülltonne,dustbin
der Sperrmüll (Sg.),bulky waste
der Mund,mouth
mündlich,oral
die Münze,coin
das Museum,museum
die Musik,music
der Musiker,muscician
der Muskel,muscle
müssen…,to have to
der Mut (Sg.),courage
mutig,brave
die Mutter,mother
nach,"to, after, according to"
der Nachbar,neighbours
nachdem,after
nachdenken,to reflect
nachher,later
nachholen,catch up
die Nachricht,news
nachschlagen,to look up
die Nachspeise,dessert
der Nachteil,disadvantage
der Nachtisch,dessert
die Nadel,needle
der Nagel,nail
nah(e),near
die Nähe (Sg.),"near, proximity, vicinity"
nächst,next
nähen,to sew
naja,well
der Name,name
der Familienname,family name
der Mädchenname,maiden name
der Vorname,first name
nämlich,namely
die Nase,nose
nass,wet
die Natur,nature
natürlich,naturally
der Nebel (Sg.),fog
neblig,foggy
neben,next to
nebenan,next door
nebenbei,at the same time
der Neffe,nephew
negativ,negative
nehmen,to take
nein,no
nennen,"to name, call"
der Nerv,nerve
nervös,nervous
nett,nice
netto,"net, after tax"
neu,new
neugierig,curious
neulich,"recently, the other day"
nicht,"not, don't"
die Nichte,niece
der Nichtraucher,non-smoker
nichts,nothing
nie,never
niedrig,low
niemand,no one
nirgends,nowhere
nirgendwo,nowhere
noch,"still, yet"
nochmal,again
nochmals,again
normal,normal
normalerweise,normally
der Norden/Nord/Nord (Sg.),north
nördlich,northern
die Not,"distress, need"
die Notaufnahme,casualty department
der Notausgang,emergency exit
der Notfall,emergency
der Notruf,emergency call
notwendig,important
die Note,marks
notieren,note
die Notiz,note
nötig,necessary
die Nudel,noodle
die Nummer,number
nun,now
nur,"just, only"
nutzen,to be of use
nützenütztützteützt,to use
nützlich,useful
ob,whether
oben,"above, upstairs"
ober-,top
das Obst (Sg.),fruit
obwohl,although
oder,or
der Ofen,oven
offen,open
öffentlich,public
offiziell,official
öffnen,to open
oft/öfter,often
das Obergeschoss,"upstairs, upper floor"
ohne,without
das Ohr,ear
okay,ok
Öko- (ökologisch),ecologically
das Öl,oil
die Oma,grandma
der Onkel,uncle
online,online
der Opa,granddad
die Oper,opera
operieren,to operate
die Operation,operation
das Opfer,victim
optimistisch,optimistic
die Orange,orange
das Orchester,orchestra
ordentlich,"decent, respectable, tidy, neat"
ordnen,"to order, put in order"
der Ordner,folder
die Ordnung,"order, tidiness"
organisieren,to organise
die Organisation,organisation
das Original,original
der Ort,place
der Vorort,suburbs
der Wohnort,domicile
örtlich,locally
der Osten/Ost/Ost (Sg.),east
ein paar,a few
das Paar,couple
das Päckchen,parcel
packen,to pack
das Paket,"packet, parcel"
die Panne,breakdown
der Papa,father
das Papier,paper
parallel,parallel
das Parfüm,perfume
der Park,park
parken,to park
das Parkhaus,car park
der Parkplatz,parking spot
die Parkuhr,parking meter
der Partner,partner
die Party,party
der Pass,passport
der Passagier,passenger
passen,to fit
passieren,to happen
passiv,passive
der Patient,patient
die Pause,"break, pause"
das Pech (Sg.),bad luck
die Pension,pension (small hotel)
pensioniert,retired
per,"by, per"
perfekt,perfect
die Person,person
persönlich,personal
das Personal (Sg.),personnel
der Pfeffer,pepper
das Pferd,horse
die Pflanze,plant
das Pflaster,plaster
die Pflaume,plum
pflegen,"to look after, nurse, foster"
der Pfleger,"carer, nurse, orderly"
die Pflegeversicherung,care insurance
die Pflicht,"duty, compulsory"
die Phantasie,phantasy
die Philosophie,philosophy
die Physik (Sg.),physics
das Picknick,picnic
die Pille,pill
der Pilz,mushroom
der PKW,car
planen,to plan
der Plan,"plan, map"
das Plastik (Sg.),plastic
der Platz,"place, square"
plötzlich,suddenly
die Politik (Sg.),politics
der Politiker,politician
politisch,political
die Polizei,police
der Polizist,policeman
die Pommes frites (Pl.),french fries
die Portion,portion
positiv,positive
die Post (Sg.),post
das Postfach,post box
die Postkarte,postcard
die Postleitzahl,postcode
das Praktikum,"practical training, internship"
der Praktikant,"trainee, intern"
praktisch,practical
präsentieren,to present
die Praxis,practice
der Preis,price
preiswert,"inexpensive, cheap"
prima,greay
privat,private
pro,per
probieren,to try
das Problem,problem
produzieren,to produce
das Produkt,product
die Produktion,production
der Professor,professor
der Profi,professional
das Programm,programme
das Projekt,project
der Prospekt,"leaflet, brochure"
Prost,cheers
protestieren,to protest
der Protest,protest
der Prozess,"trial, case, process"
prüfenüftüfteüft,"to check, examine"
die Prüfung,"exam, test"
das Publikum (Sg.),public
der Pullover,"jumper, pullover"
der Punkt,point
pünktlich,"on time, punctual"
die Puppe,doll
putzen,to clean
die Qualifikation,qualification
die Qualität,quality
der Quark (Sg.),"quark, curd cheese"
das Quartal,quarter
der Quatsch (Sg.),nonsense
quer,"crossways, diagonally"
die Querstraße,crossroad
die Quittung,receipt
der Rabatt,discount
das Rad,"wheel, bike"
Rad fahren,to go biking
der Radfahrer,cyclist
das Radio,radio
der Rand,edge
rasieren,to shave
raten,"to guess, to advise"
der Rat (Sg.),advice
der Ratschlag,piece of advice
das Rathaus,town hall
rauchen,to smoke
der Raucher,smoker
der Raum,room
reagieren,to react
die Reaktion,reaction
die Realität,reality
realistisch,realistic
rechnen,"to calculate, estimate, reckon"
der Rechner,calculator
die Rechnung,bill
das Recht,right
rechtlich,legally
der Rechtsanwalt,Lawyer
recht,right
rechts,to the right
recht-,right
rechtzeitig,on time
reden,"to talk, speak"
die Rede,"speech, talk"
reduzieren,to reduce
die Reform,reform
das Regal,shelf
die Regel,rule
regelmäßig,regularly
regeln,"to regulate, control"
regnen,to rain
der Regen,rain
die Region,region
regional,regional
reich,rich
reichen,"to be enough/ sufficient, reach"
reif,ripe
der Reifen,tyre
die Reihe,row
rein,"pure, clear"
reinigen,to clean
die Reinigung,cleaning
der Reis (Sg.),rice
reisen,to travel
die Reise,"journey, voyage"
das Reisebüro,travel agency
reiten,to ride
der Rekord,record
relativ,relative
rennen,to run
renovieren,renovate
die Rente,pension
der Rentner,pensioner
reparieren,to repair
die Reparatur,repair
reservieren,to reserve
die Reservierung,reservation
der Rest,rest
das Restaurant,restaurant
retten,to rescue
das Rezept,recipe
die Rezeption,reception
der Rhythmus,rhythm
der Richter,judge
richtig,right
die Richtung,direction
riechen,to smell
riesig,enormous
das Rind,"ox, cow, beef"
der Ring,ring
das Risiko,risk
der Rock,skirt
roh,raw
der Roman,novel
die Rose,rose
rot,red
die Rückfahrt,return journey
die Rückkehr (Sg.),return
der Rücken,back
rücken,move
der Rucksack,rucksack
die Rücksicht,consideration
rückwärts,backwards
rufen,to call
die Ruhe (Sg.),"rest, peace, quiet"
ruhig,quiet
rührenührtührteührt,stir
rund,"round, around"
der Rundfunk (Sg.),broadcast
der Saal,"hall, room"
die Sache,"thing, affair"
der Sack,sack
der Saft,jui''''ce
sagen,to say
die Sahne (Sg.),cream
die Saison,season
der Salon,salon
der Salat,salad
die Salbe,ointment
das Salz,salt
sammeln,to collect
sämtlich,all
der Sand,sand
der Sänger,singer
satt,full
der Satz,sentence
sauber,clean
sauer,sour
die Schachtel,"box, bag"
schade,"a pity, shame"
schaden,"to hurt, damage"
der Schaden,damage
schaffen,"to make, manage, do, finish"
schalten,"to switch, turn"
der Schalter,switch
scharf,"spicy, hot"
der Schatten,"shade, shadow"
schätzen,"to estimate, value"
schauen,to show
das Schaufenster,shop (show) window
der Schauspieler,actor
die Scheibe,"slice, pane (of glass)"
sich scheiden lassen,get divorced
geschieden sein,be divorced
die Scheidung,divorce
der Schein,note
scheinen,to shine
schenken,to give a present
die Schere,scissors
die Schicht,layer
schick,fancy
schicken,to send
schieben,to push
schief,"crooked, leaning, sloping"
schießen,"to shoot, kick"
das Schiff,ship
das Schild,sign
schimpfen,"to grumble, complain, tell off"
der Schinken,hm
der Schirm,umrella
schlafen,sleep
der Schlaf (Sg.),sleep
schlagen,"to strike, hit"
die Schlange,snake
schlank,slim
schlecht,bhd
schließen,"to close, shut"
schließlich,finally
das Schloss,"lock, padlock, castle"
der Schluss,end
der Schlüssel,key
schlimm,bad
schmal,narrow
schmecken,to taste
der Schmerz,pain
das Schmerzmittel,painkiller
der Schmuck,jewellery
schmutzig,dirty
der Schnee (Sg.),snow
schneien,to snow
schneiden,to cut
schnell,fast
das Schnitzel,schnitzel
der Schnupfen,cold
die Schokolade,chocolate
schon,"already, just"
schön,beautiful
der Schrank,cupboard
der Schreck/Schrecken,"scare, fright"
schrecklich,"terrible, dreadful"
schreiben,to write
aufschreiben,to write down
das Schreiben,"letter, communication"
der Schreibtisch,writing desk
schreien,to scream
die Schrift,handwriting
schriftlich,written
der Schritt,"step, walk"
der Schuh,schoe
die Schuld,fault
schuld sein,be to blame
schuldig,guilty
die Schule,school
der Schülerülerin,student
die Schulter,shoulder
schützenütztützteützt,to protect
der Schutz (Sg.),protection
schwach,weak
schwanger,pregnant
die Schwangerschaft,pregnancy
schwarz,black
das Schwein,pig
schwer,heavy
die Schwester,sister
Schwieger,in-laws
schwierig,difficult
die Schwierigkeit,difficulty
schwimmen,to swim
das Schwimmbad,swimming pool
schwitzen,to sweat
der See,lake
sehen,to see
die Sehenswürdigkeit,sight
sehr,very
die Seife,soap
sein,to be
seit,since
seitdem,since (then)
die Seite,page
die Sekretärin,secretary
selb-,the same
selbst,self
selbstständig,"self employed, independent"
selbstverständlich,"of course, obviously"
selten,seldom
das Semester,semester
senden,to send
der Sender,(radio) Station
die Sendung,"consignment, programme, transmission"
die Senioren (Pl.),"seniors, old people"
senkrecht,vertical
die Serie,series
der Service (Sg.),service
der Sessel,chair
setzen,to place
sicher,sure
die Sicherheit,security
sichern,to secure
sichtbar,visible
der Sieg,"win, victory"
der Sieger,winner
singen,to sing
sinken,to sink
der Sinn,sense
die Situation,situation
sitzen,to sit
der Sitz,seat
der Ski,ski
die SMS,SMS
so,"so, like this"
sobald,as soon as
die Socke,sock
sodass,so that
das Sofa,sofa
sofort,immediately
die Software,software
sogar,even
der Sohn,son
solange,as long as
solch,"such, these"
sollen,to be supposed to
das Sonderangebot,special offer
sondern,but (rather)
die Sonne,sun
sonst,"otherwise, other, usually, normally"
sonstig,other
sorgen,to worry
die Sorge,worry
die Soße,sauce
das Souvenir,souvenir
soviel,as fas as
so viel/so viel wie,so much
sowieso,anyway
sowohl ... als auch,as well ... as
das Sozialamt,social security office
der Sozialarbeiter,social worker
die Sozialhilfe,social care
spannend,exciting
sparen,to save
sparsam,"economical, thrifty"
der Spaß,fun
spät,late
spätestens,at the latest
spazieren gehen,to go for a walk
der Spaziergang,stroll
speichern,"to save, store (data)"
die Speisekarte,menu
der Speisewagen,dining car
die Vorspeise,starter
die Spezialpflege,special care
der Spezialist,specialist
speziell,special
der Spiegel,mirror
spielen,to play
das Spiel,game
der Spieler,player
der Spielplatz,playground
das Spielzeug,toy
spitz,"sharp, pointed"
der Sport,sport
die Sportart,type of sport
der Sportler,sportsman
sportlich,"sporting, sporty, athletic"
die Sprache,language
die Muttersprache,mother tongue
sprechen,"to speak, talk"
die Sprechstunde,"consultation (hour), surgery"
springen,to jump
die Spritze,injection
spülenültülteült,"to rinse, flush"
die Spülmaschine,dishwasher
die Spur,"track, trace"
spürenürtürteürt,to feel
der Staat,state
staatlich,stately
die Staatsangehörigkeit,nationality
das Stadion,stadium
die Stadt,city
städtisch,municipal
der Stadtplan,town map
stammen,to come from
das Standesamt,registry office
ständig,"permanent, constant"
der Standpunkt,stand point
der Star,star
stark,strong
starten,to start
der Start,start
die Station,station
statt,instead of
stattfinden,to take place
der Stau,traffic jam
der Staub,dust
das Steak,steak
stecken,"to put, insert, stick"
die Steckdose,socket
der Stecker,plug
stehen,to stand
stehen bleiben,to stay
stehlen,to steal
steigen,"to rise, climb"
steil,steep
der Stein,stone
die Stelle,"place, post, job"
stellen,"to put, set"
der Stempel,"stamp, postmark"
sterben,to die
der Stern,star
die Steuer,tax
still,"still, quiet"
der Stiefel,boots
die Stimme,voice
stimmen,"to be right, vote"
die Stimmung,"atmosphere, mood"
die Stirn,forehead
stinken,to stink
der Stock,floor (of building)
das Stockwerk,storey
der Stoff,"material, cloth"
stolz,proud
stoppen,to stop
stören,to disturb
die Störung,"disturbance, interference"
stoßen,"to shove, push, knock, bump"
die Strafe,fine
der Strafzettel,ticket (parking)
der Strand,beach
die Straße,street
die Strecke,"stretch, distance"
streichen,"to brush, to paint, to cancle"
das Streichholz,matches
streiken,to strike
der Streik,strike
streiten,to argue
der Streit,argument
streng,strict
der Stress,stress
der Strom,current (electricity)
der Strumpf,tights
das Stückück,piece
studieren,to study
der Student,student
das Studium,studies
das Studio,studio
die Stufe,step
der Stuhl,chair
stumm,"silent, dumb"
die Stunde,hour
der Sturm,storm
stürzenürztürzteürzt,to fall
suchen,"to search for, look for"
der Süden/Süd/Süd (Sg.),south
südlich,"southern, south"
der Supermarkt,supermarket
die Suppe,soup
süß,sweet
das Symbol,symbol
sympathisch,likeable
das System,system
die Tabelle,table
die Tablette,pill
die Tafel,"table, blackboard"
der Tagesablauf,daily routine
die Tagesmutter,nanny
das Tal,valley
tanken,to fill fuel/ gas
die Tankstelle,fuel station
die Tante,aunt
tanzen,to dance
der Tanz,dance
der Tarif,tariff
die Tasche,"pocket, handbag"
das Taschentuch,handkerchief
die Tasse,cup
die Taste,key (on a keyboard)
die Tastatur,keyboard
die Tat,"act, deed, action"
der Täter,"perpetrator, culprit"
die Tätigkeit,activity
täuschen,deceive
das Taxi,taxi
das Team,team
die Technik,"technology, technique"
technisch,technical
der Tee,tea
der Teil,part
die Teilzeit,part-time
teilen,to share
teilnehmen,to take part
die Teilnahme,participation
der Teilnehmer,participant
teilweise,partially
telefonieren,to telephne
das Telefon,telephone
der Teller,plate
die Temperatur,temperature
das Tempo (Sg.),speed
das Tennis (Sg.),tennis
der Teppich,carpet
der Termin,appointment
die Terrasse,terrace
testen,test
der Test,test
teuer,expensive
der Text,text
das Theater,theatre
das Thema,"subject, theme"
theoretisch,theoretical
die Therapie,therapy
das Ticket,ticket
tief,deep
das Tier,animal
das Haustier,"pet, domestic animal"
der Tierpark,"zoo, animal park"
der Tipp,tip
der Tisch,table
der Titel,title
die Tochter,daughter
der Tod,death
tödlich,deathly
die Toilette,toilet
tolerant,tolerant
toll,great
die Tomate,tomato
die Tonne,ton
das Top,top
der Topf,pot
das Tor,"gate, goal"
tot,dead
der Tote,dead
total,"totally, completely"
die Tour,tour
der Tourismus (Sg.),tourism
der Tourist,tourist
die Tradition,tradition
traditionell,traditional
tragen,"to carry, wear"
trainieren,to train
der Trainer,"trainer, coach"
das Training,training
transportieren,transport
der Transport,transport
die Trauung,wedding
träumen,to dream
der Traum,dream
traurig,sad
treffen,to meet
der Treffpunkt,meeting point
treiben,to play sport
trennen,to seperate
die Trennung,seperation
die Treppe,"stairs, steps"
treten,"to step, kick"
treu,TRUE
trinken,to drink
das Trinkgeld,tip
trocknen,to dry
trocken,dry
der Tropfen,drop
trotz,despite
trotzdem,"nevertheless, although"
das T-Shirt,t-shirt
tun,"to do, make"
die Tür,door
der Turm,tower
die Tüte,bag
der Typ,type
typisch,typical
U-Bahn,underground train
üben,to practise
die Übung,practise
über,"over, above, via"
überall,everywhere
überfahrenüberfährtüberfuhrüberfahren,to run over
überhaupt,at all
überholenüberholtüberholteüberholt,to overtake
überlegenüberlegtüberlegteüberlegt,to consider
übermorgen,the day after tomorrow
übernachtenübernachtetübernachteteübernachtet,to sleep/ stay overnight
die Übernachtung,"sleep over, stay"
übernehmenübernimmtübernahmübernommen,to take over
überprüfenüberprüftüberprüfteüberprüft,"to check, examine"
überquerenüberquertüberquerteüberquert,to cross over
überraschenüberraschtüberraschteüberrascht,to surprise
"die Überraschung,-en",surprise
überredenüberredetüberredeteüberredet,to persuade
übersetzenübersetztübersetzteübersetzt,to translate
der Übersetzer,translator
die Übersetzung,translation
die Überstunde,overtime
übertragenüberträgtübertrugübertragen,"to transfer, apply"
übertreibenübertreibtübertriebübertrieben,to do too much sport
überweisenüberweistüberwiesüberwiesen,"to transfer, refer"
die Überweisung,"transfer, referral"
überzeugenüberzeugtüberzeugteüberzeugt,to convince
die Überzeugung,conviction
üblich,"usual, common"
übrig,"left over, remaining"
übrigens,"besides, by the way"
die Uhr,"hour, time, watch"
um,"at, around, by"
umarmen,to embrace
um ... zu,in order to
umdrehen,to turn (round)
die Umfrage,poll
die Umgebung,surrounding
umgekehrt,"reverse, opposite, the other way around"
die Umleitung,diversion
umso,so much the...
umsonst,"in vain, for nothing"
umsteigen,"to change (train, etc)"
umtauschen,to exchange
die Umwelt,environment
umziehen,to move (house)
der Umzug,"move, removal"
unbedingt,absolutely
unfreundlich,unfriendly
und,and
der Unfall,accident
ungefähr,"approximately, roughly"
ungewöhnlich,unusual
unglaublich,unbelievable
das Unglück,"misfortune, bad luck"
unheimlich,"weird, uncanny"
unten,"downstairs, below"
unter,"under, underneath"
unter-,lower
unterbrechen,to interrupt
sich unterhalten,talk
die Unterhaltung,"entertainment, amusement"
die Unterkunft,accomodation
die Unterlagen (Pl.),documents
unternehmen,"to do (something), to undertake, to make"
unterrichten,to teach
der Unterricht,lesson
unterscheiden,to distinguish
der Unterschied,difference
unterschiedlich,different
unterschreiben,to sign
die Unterschrift,signature
unterstreichen,to underline
unterstützenütztützteützt,to support
die Unterstützung,support
untersuchen,"to examine, investigate, to have a medical"
die Untersuchung,"examination, investigation, inquiry"
unterwegs,on the way
der Urlaub,holiday
die Ursache,cause
ursprünglich,"original, originally"
das Urteil,"judgement, sentence"
der Vater,father
vegetarisch,vegetarian
verabreden,to arrange to meet
verabschieden,to say goodbye
verändern,to change
die Veranstaltung,"event, function"
verantwortlich,responsible
die Verantwortung,responsibility
verbessern,to improve
verbieten,to forbid
das Verbot,"prohibition, ban"
verbinden,"to connect, combine, bandage"
der Verband,association
die Verbindung,connection
verbrauchen,to need
der Verbraucher,consumer
der Verbrecher,criminal
verbrennen,"to burn, cremate"
verbringen,to spend
der Verdacht,suspicion
verdächtig,suspicious
verdienen,to earn
der Verein,"club, association"
vereinbaren,to agree upon
das Verfallsdatum,expiry date
die Vergangenheit,the past
vergessen,to forget
vergleichen,to compare
der Vergleich,comparison
vergrößern,to enlarge
verhaften,to arrest
verhalten,to behave
das Verhalten,behaviour
das Verhältnis,relationship
verheiratet,married
verhindern,to prevent
verkaufen,to sell
der Verkäufer,"seller, salesman"
der Verkehr,traffic
das Verkehrsmittel,transport
verlangen,"to demand, want, ask for"
verlängern,to extend
verlassen,to leave
sich verlassen auf,rely on
sich verlaufen,to get lost
verleihen,to lend
verletzen,to injure
die Verletzung,injury
verlieben,fall in love
verliebt sein,be in love
verlieren,to lose
der Verlust,"loss, casualty"
vermeiden,to avoid
vermieten,to rent
der Vermieter,landlord
vermissen,to miss
die Vermittlung,agency
vernünftig,"sensible, reasonable"
verpacken,to pack
verpassen,to miss (a scheduled thing)
verpflichtet sein,be required
verreisen,to go away (for a journey)
verrückt,crazy
verschieben,"to postpone, shift"
verschieden,different
verschreiben,"to prescribe, use up"
verschwinden,to dissapear
versichern,"to insure, assure"
die Versichertenkarte,insurance card
die Versicherung,insurance
versorgen,"supply, take care"
die Verspätung,delay
versprechen,to promise
verstecken,to hide
verstehen,to understand
verständlich,understandable
das Verständnis,understanding
versuchen,to try
der Versuch,"attempt, experiment"
verteilen,to distribute
der Vertrag,contract
vertrauen,to trust
das Vertrauen (Sg.),trust
vertreten,represent
der Vertreter,"cover, replacement"
die Vertretung,"representation, advocacy"
verurteilen,"to condem, sentence"
die Verwaltung,"management, administration"
verwandt,related (to)
der Verwandte,"relative, relation"
verwechseln,to confuse with
verwenden,to use
verwitwet,widowed
die Verzeihung (Sg.),forgiveness
viel/viele,a lot
vielleicht,maybe
das Visum,visa
das Vitamin,vitamin
der Vogel,bird
voll,"full, complete"
die Vollzeit,full time
von,"from, by, of, about"
voneinander,from each other
vor,"before, in front of"
voraus,"ahead, in advance"
voraussichtlich,expected
vorbei,"by, past"
vorbereiten,to prepare
die Vorbereitung,preparation
vorder-,front
die Vorfahrt,right of way
vorgestern,the day before yesterday
vorhaben,to intend
vorher,before(hand)
vorhin,"not long ago, just now"
vorig-,previous
vorkommen,"to occur, come forward"
vorläufig,"temporary, provisional"
vorlesen,read out
vorn/vorne,"ahead, in front"
sich vornehmen,"to plan, to deal with something"
vorschlagen,to suggest
der Vorschlag,suggestion
die Vorschrift,"regulations, rules, instructions"
die Vorsicht (Sg.),"caution, care"
vorsichtig,carefully
vorstellen,"to put forward, introduce, represent, imagine something"
die Vorstellung,"performance, introduction"
der Vorteil,advantage
die Vorwahl,preliminary election
vorwärts,forwards
der Vorwurf,reproach
waagerecht,horizontal
wach,awake
wachsen,to grow up
der Wagen,"wagon, goods van"
wählen,"choose, vote"
die Wahl,choice
wahnsinnig,"insane, mad, incredibly"
wahr,TRUE
die Wahrheit,truth
während,"while, during"
wahrscheinlich,probably
der Wald,forest
die Wand,wall
wandern,to go for a walk
die Wanderung,"walk, trek"
wann,when
die Ware,goods
warm,warm
die Wärme (Sg.),warmth
warnen,to warn
warten,to wait
warum,why
was,what
was für ein-,"what a, what kind of"
waschen,to wash
die Wäsche (Pl.),washing
das Waschmittel,detergent
das Wasser,water
das WC,toilet (short for Wasserklossett)
wechseln,to change
wecken,to wake
der Wecker,alarm
weder ... noch,"still, yet"
der Weg,way
weg/weg,"away, gone"
wegen,because of
weh tun,hurt
weiblich,female
weich,soft
weil,because
der Wein,wine
weinen,to cry
weiß,white
weit,far
weiter/weiter-,further
sich weiterbilden,to continue to educate yourself
die Weiterbildung,further education
welch-,which
die Welt,world
der Weltmeister,world champion
die Weltmeisterschaft,world cup
weltweit,worldwide
wenden,to turn
wenig/wenige,"little, a little"
wenigstens,at least
wenn,if
wer,who
die Werbung,advertisment
werden,to become
werfen,to throw
das Werk,"work, job"
die Werkstatt,"workshop, garage"
das Werkzeug,tools
wert,worth
der Wert,value
weshalb,why
der Westen,west
westlich,west
der Wettbewerb,competition
das Wetter (Sg.),weather
der Wetterbericht,weather report
wichtig,important
widersprechen,to contradict
wie,how
wieder/wieder-,again
wiederholen,to repeat
wiegen,to weigh
die Wiese,meadow
wieso,why
wie viel/wie viele,how long
willkommen,welcome
der Wind,wind
windig,windy
winken,to wave
wirken,"to work, have an effect"
die Wirkung,effect
wirklich,really
die Wirklichkeit,reality
der Wirt,landlord
die Wirtschaft,economics
wissen,to know
der Witz,joe
wo,where
woher,from where
wohin,to where
wohl,well
wohnen,to live
das Wohngeld,"housing money, housing allowance"
die Wohngemeinschaft,"commune, shared flat"
die Wohnung,"flat, apartment"
das Wohnungsamt,housing office
das Wohnzimmer,living room
die Wolke,cloud
die Wolle,wool
wollen,to want
worüber,over/ about what/ which
worum,"over/ about which, what about/ around"
das Wort,word
das Wörterbuch,dictionary
die Wunde,wound
wundern,surprise
das Wunder,wonder
wunderbar,"wonderful, marvellous"
wunderschön,beautiful
wünschenünschtünschteünscht,to wish
der Wunsch,wish
die Wurst,sausage
wütend,angry
die Zahl,number
zahlen,numbers
die Zahlung,payment
zählen,to count
der Zahn,tooth
die Zahnpasta / die Zahncreme,toothpaste
das Zeichen,sign
das Verkehrszeichen,street sign
zeichnen,to draw
zeigen,to show
die Zeit,time
die Zeitarbeit,temporary work
der Zeitpunkt,point in time
zurzeit,at the moment
die Zeitschrift,magazine
die Zeitung,newspaper
das Zelt,tent
zentral,central
das Zentrum,centre
zerstören,to destroy
das Zertifikat,certificate
der Zettel,note
das Zeug (Sg.) / -zeug,"stuff, gear"
der Zeuge,witness
das Zeugnis,"certificate, report, reference"
ziehen,"to pull, move"
das Ziel,"goal, aim"
ziemlich,"fairly, rather"
die Zigarette,cigarette
das Zimmer,room
die Zinsen (Pl.),interest
zirka/circa,"circa, approximately"
die Zitrone,lemon
der Zoll,customs
die Zone,zone
der Zoo,zoo
zu-,"to, on, by, too, for"
der Zucker,sugar
zuerst,first
der Zufall,coincidence
zugehen,to shut
das Zuhause,home
zuhören,to listen
der Zuhörer,listener
die Zukunft (Sg.),future
zukünftig,in future
zulassen,allow
die Zulassung,"admission, approval"
zuletzt,"finally, at last"
zumachen,to close
zumindest,at least
zunehmen,to increase
zurechtkommen,"cope, manage"
zurück/zurück-,back
zusagen,"to promise, accept"
zusammen/zusammen-,together
die Zusammenarbeit (Sg.),"team work, collaboration"
zusammenfassen,to summarize
zusätzlich,additional
zuschauen,to watch
der Zuschauer,spectator
zu sein,to be closed
der Zustand,condition
zuständig,"competent, responsibe"
die Zustimmung,agreement
zuverlässig,reliable
der Zuwanderer,immigrant
zwar,"to be sure, indeed"
der Zweck,"purpose, aim"
zweifeln,to doubt
die Zwiebel,onion
zwingen,to force
zwischen,"in between, between"
das Abendessen,dinner
das Apartment,apartment
das Arbeitszimmer,study
das Auge,eye
das Auto,car
das Badminton,badminton
das Ballet,ballet
das Bargeld,cash
das Basketballspiel,basketball game
das Bein,leg
das Bett,bed
das Bier,beer
das Bild,picture
das Bilderbuch,picture book
das Brot,bread
das Brötchen,roll
das Buch,book
das Café,cafe
das Date,date
das Datum,date
das Dessert,dessert
das Dorf,village
das Ei,egg
das Eis,ice cream
das Eiscafé,ice cream cafe
das Eisstadion,ice rink
das Erdegeschoss,ground floor
das Essen,meal
das Feld,field
das Fenster,window
das Festival,festival
das Feuerzeug,lighter
das Fieber,fever
das Fitnesscenter,fitness center
das Fitnessstudio ,gym
das Fitnesstraining,fitness training
das Fliesch,meat
das Flugzeug,airplane
das Fortschrift,progress
das Frühstück,breakfast
das Futter,food
das Gastgeschenk,gift
das Gedicht,poem
das Gehalt,salary
das Gehege,enclosure
das Gehirn,brain
das Gepäck,luggage
das Geschäft,business
das Geschenk,gift
das Geschirr,dishes
das Gespräch,conversation
das Getränk,drink
das Gewitter,thunderstorm
das Glas,glass
das Gleis,track
das Golf,golf
das Grundstuck,property
das Handtuch,hand towel
das Handy,cell phone
das Hanninchen,chicken
das Hauptgerichte,main course
das Haus,house
das Hemd,shirt
das Herz,heart
das Heu,hay
das Hobby,hobby
das Hoch,high
das Holz,wood
das Hörbuch,audio book
das Hundebaby,puppy
das Jahr,year
das Joggen,jogging
das Jubiläum,anniversary
das Judo,judo
das Kabarett,cabaret
das Kaufhaus,department store
das Kinderbuch,children's book
das Kino,cinema
das Kleid,dress
das Klettern,climbing
das Knie,knee
das Konsulat,consulate
das Konzert,concert
das Krankenhaus,hospital
das Krimidinner,murder mystery dinner
das Ladegerät,charger
das Lager,camp
das Laufwerk,drive
das Licht,light
das Lied,song
das Märchen,fairy tale
das Meer,sea
das Meerschweinchen,guinea pig
das Meeting,meeting
das Messer,knife
das Metall,metal
das Mittagessen,lunch
das Mobiltelefon,cell phone
das Motorrad,motorbike
das Museum,museum
das Musical,musical
das Netz,internet
das Neujahr,New Year
das Ohr,ear
das Ostern,Easter
das Papier,paper
das Passwort,password
das Pferd,horse
das Pflaster,plaster
das Picknick,picnic
das Plastik,plastic
das Praktikum,internship
das Problem,problem
das Puppentheater,puppet theatre
das Rathaus,town hall
das Regal,shelf
das Reihenhaus,terraced house
das Restaurant,restaurant
das Rudern,rowing
das Sachbuch,non-fiction book
das Sandwich,sandwich
das Schaf,sheep
das Schiff,ship
das Schloss,castle
das Schwimmbad,swimming pool
das Selfie,selfie
das Semester,semester
das Silverster,New Year's Eve
das Smartphone,smartphone
das Sofa,sofa
das Sommerfest,summer party
das Sonderzeichen,special character
das Spiel,game
das Stadion,stadium
das Studium,studies
das T-Shirt,T-shirt
das Tablet,tablet
das Tagebuch,diary
das Tageslicht,daylight
das Tal,valley
das Tassenmesser,cup knife
das Tauchen,diving
das Taxi,taxi
das Telefon,telephone
das Tennis,tennis
das Theater,theater
das Theaterstück,play
das Tief,deep
das Tischtennis,table tennis
das Übergewicht,overweight
das Ufer,shore
das Uhrwerk,clockwork
das Visum,visa
das Walken,walking
das Wasser,water
das Weihnachten,Christmas
das Wetter,weather
das Wochenende,weekend
das Wohnzimmer,living room
das Yoga,yoga
das Zentrum,center
das Zeugnis,certificate
das Zimmer,room
der Abflug,departure
der Abschied,farewell
der Akku,battery
der Allergiker,allergic person
der Anrede,greeting
der Anschluss,connection
der Ansender,sender
der Anzug,suit
der Aperitif,aperitif
der Apfel,apple
der Arm,arm
der Aufzug,elevator
der Ausbildender,instructor
der Ausflug,trip
der Ausstand,walking
der Ausweis,ID
der Bahnhof,train station
der Bahnstieg,platform
der Balkon,balcony
der Bart,beard
der Basketball,basketball
der Bauch,belly
der Baum,tree
der Belistift,pencil
der Benutzername,user name
der Berg,mountain
der Beruf,profession
der Betreff,subject
der Betriebsausflug,company outing
der Bildschirm,screen
der Blumenladen,flower shop
der Brief,letter
der Briefkasten,mailbox
der Briefumschlag,envelope
der Brunnen,fountain
der Buchstabe,letter
der Bürgersteig,sidewalk
der Bus,bus
der Chef,boss
der Comic,comic
der Computer,computer
der Dank,thanks
der Darsteller,actor
der Drucker,printer
der Dschungel,jungle
der Einstand,debut
der Empfänger,recipient
der Feiertag,holiday
der Fernseher,television
der Feuerwehrmann,firefighter
der FIlm,film
der Finger,finger
der Fisch,fish
der Flughafen,airport
der Flur,hallway
der Fluss,river
der Fotoworkshop,photo workshop
der Frosch,frog
der Frost,frost
der Frühstuckraum,breakfast room
der Führerschein,driving license
der Fuß,foot
der Fußball,football
der Futternapf,food bowl
der Garten,garden
der Geburtstag,birthday
der Gehweg,sidewalk
der Hafen,harbor
der Hagel,hail
der Hals,neck
der Hamster,hamster
der Handball,handball
der Hausmeister,caretaker
der Herd,stove
der Hochzeitstag,wedding anniversary
der Honig,honey
der Hügel,hill
der Hund,dog
der Husten,cough
der Hustensaft,cough syrup
der Hut,hat
der Innenhof,courtyard
der Job,job
der Kaffee,coffee
der Käfig,cage
der Kakao,cocoa
der Kalender,calendar
der Karnevel,carnival
der Karton,box
der Käse,cheese
der Keller,cellar
der Kintergarten,kindergarden
der Kiosk,kiosk
der Klub,club
der Koffer,suitcase
der Kollege,colleague
der Konferenzraum,conference room
der Kopf,head
der Krimi,crime story
der Kuchen,cake
der Kugelschreiber,ballpoint pen
der Kühlschrank,refrigerator
der Kunde,customer
der Kurs,course
der Kursleiter,course leader
der Kuss,kiss
der Laden,shop
der Laptop,laptop
der Lebenslauf,CV
der Lift,lift
der Lkw,truck
der Löffel,spoon
der Makler,broker
der Mantel,coat
der Markt,market
der Mitwohner,roommate
der Mond,moon
der Monitor,monitor
der Motor,engine
der Mull,trash
der Mund,mouth
der Nachtisch,dessert
der Napf,bowl
der Nebel,fog
der Niederschlag,precipitation
der Ofen,oven
der Ort,place
der Park,park
der Parkplatz,parking lot
der Pass,passport
der PC,PC
der Personal Computer,personal computer
der Personalchef,HR manager
der Pkw,car
der Platz,square
der Poetryslam,poetry slam
der Pullover,sweater
der Radweg,cycle path
der Rat,advice
der Ratgeber,advisor
der Ratschlag,advice
der Regen,rain
der Regenschrim,umbrella
der Regisseur,director
der Roboter,robot
der Rock,skirt
der Roman,novel
der Rücken,back
der Rucksack,backpack
der Rundfunk,radio
der Saft,juice
der Salat,salad
der Sauerstoft,oxygen
der Schalten,switch
der Schauer,shiver
der Schinken,ham
der Schlüssel,key
der Schmerz,pain
der Schnee,snow
der Schrank,cupboard
der Schriftsteller,writer
der Schulabschluss,graduation
der See,lake
der Sessel,armchair
der Snack,snack
der Sonnenhut,sun hat
der Spielplatz,playground
der Sport,sport
der Stadtspaziergang,city walk
der Stau,traffic jam
der Steckbrief,wanted poster
der Stift,pen
der Stock,stick
der Strand,beach
der Stress,stress
der Studierendenausweis,student ID
der Stuhl,chair
der Tablet-PC,tablet PC
der Tag,day
der Tagesablauf,daily routine
der Talent,talent
der Tee,tea
der Teppich,carpet
der Termin,appointment
der Tierarzt,vet
der Tierpark,zoo
der Tisch,table
der Traume,dreams
der Unfall,accident
der Vertrag,contract
der Vogel,bird
der Volleyball,volleyball
der Vorort,suburb
der Vortrag,lecture
der Wagen,car
der Wald,forest
der Wasserhahn,tap
der Wassernapf,water bowl
der Wein,wine
der Wind,wind
der Wochentag,day of week
der Wohnblock,apartment block
der Wohnort,place of residence
der Zebrastreifen,zebra crossing
der Zirkus,circus
der Zoll,customs
der Zoo,zoo
der Zug,train
der Zuschauer,spectator
die Abfahrt,departure
die Abteilung,department
die Abwehrkräfte,defense forces
die Adresse,address
die Altstadt,old town
die Ampel,traffic light
die Ankunft,arrival
die Anleitung,instructions
die Anmeldung,registration
die Apotheke,pharmacy
die Arbeit,work
die Auqafitness,aqua fitness
die Ausbildung,training
die Ausfahrt,exit
die Austellung,exhibition
die Autobahn,highway
die Bank,bank
die Bar,bar
die Baustelle,construction site
die Begabung,talent
die Begrußung,greeting
die Berge,mountains
die Besprechung,discussion
die Betriebsversammlung,staff meeting
die Bewegung,exercise
die Bewerbung,application
die Biene,bee
die Bluse,blouse
die Boutique,boutique
die Bratwurst,sausage
die Brille,glasses
die Brücke,bridge
die Brust,breast
die Bürste,brush
die Busfahrt,bus ride
die Cola,Cola
die Dachterrasse,roof terrace
die Dichtung,seal
die Disco,disco
die Dusche,shower
die DVD,DVD
die E-Mail,email
die EC-Karte,debit card
die Ecke,corner
die Einladung,invitation
die Empfangshalle,reception hall
die Entspannung,relaxation
die Erdbeertorte,strawberry cake
die Fähigkeit,ability
die Fahrbahn,roadway
die Fähre,ferry
die Fahrkarte,ticket
die Farbe,color
die Fernbedienung,remote control
die Festplatte,hard drive
die Fitness,fitness
die Flasche,bottle
die Freiheit,freedom
die Fußgangerzone,pedestrian zone
die Gabel,fork
die Geschäftsreise,business trip
die Gesundheitskarte,health card
die Gewohnheit,habit
die Gmnastik,gymnastics
die Grenze,border
die Haare,hair
die Halle,hall
die Hand,hand
die Heimat,home
die Heizung,heating
die Herkunft,origin
die Hochzeit,wedding
die Hose,trousers
die Idee,idea
die Impfung,vaccination
die Innenstadt,city center
die Insel,island
die Jacke,jacket
die Jeans,jeans
die Kamera,camera
die Kantine,canteen
die Kartoffel,potato
die Katze,cat
die Kette,chain
die Kfz-Werstatt,car repair shop
die Kindheit,childhood
die Kirche,church
die Klingel,bell
die Kneipe,pub
die Kreuzung,intersection
die Kuche,kitchen
die Kuh,cow
die Kundenkarte,customer card
die Lampe,lamp
die Landschaft,landscape
die Landstraße,country road
die Lesung,reading
die Leute,people
die Liebe,love
die Limonade,lemonade
die Locken,curls
die Luft,air
die Mahlzeit,meal
die Mahlzeiten,meals
die Marmelade,jam
die Maschine,machine
die Mauer,wall
die Maus,mouse
die Mediathek,media library
die Medikamente,medicines
die Menge,crowd
die Messe,mass
die Milch,milk
die Möhre,carrot
die Murmeln,marbles
die Musik,music
die Mütze,hat
die Nachbarn,neighbors
die Nachrichten,news
die Nahrungsmittel,food
die Nase,nose
die Note,note
die Oper,opera
die Orange,orange
die Pannenhilfe,breakdown service
die Partner,partners
die Pause,break
die Poesie,poetry
die Polizei,police
die Post,post office
die Postkarte,postcard
die Powerbank,power bank
die Präsentation,presentation
die Praxis,practice
die Producktion,production
die Prufung,exam
die Rechnung,bill
die Rezeption,reception
die Richtung,direction
die Riefenpanne,flat tire
die Ringe,rings
die S-Bahn,S-Bahn
die Saftschorle,juice spritzer
die Sahne,cream
die Salbe,ointment
die Sätze,sentences
die Sauna,sauna
die Schokolade,chocolate
die Schuhe,shoes
die Schule,school
die Seife,soap
die Selbständigkeit,independence
die Sendung,shipment
die Serviette,napkin
die Socke,sock
die Sonne,sun
die Sonnenbrille,sunglasses
die Sonnencreme,sunscreen
die Speise,food
die Spielanleitung,game instructions
die Stäbchen,chopsticks
die Stadt,city
die Stadtmitte,city center
die Steckdose,socket
die Stelle,position
die Steuer,tax
die Stiefel,boots
die Straße,street
die Straßenbahn,tram
die Strophe,verse
die Suppe,soup
die Tabletten,tablets
die Tageszeit,time of day
die Tankstelle,gas station
die Tasche,bag
die Taschenlampe,flashlight
die Tastatur,keyboard
die Tee,tea
die Teilzeit,part-time
die Telefonkarte,phone card
die Texte,texts
die Toilette,toilet
die Tomate,tomato
die Treppe,stairs
die Trinkflasche,drinking bottle
die Tür,door
die U-Bahn,subway
die Überstunde,overtime
die Übung,exercise
die Umleitung,diversion
die Universitat,university
die Unterscrift,signature
die Vernissage,opening day
die Verspätung,delay
die Visitenkarte,business card
die Vollzeit,full-time
die Vorspeise,appetizer
die Wand,wall
die Wasche,Wash
die Waschmaschine,washing machine
die Weihnachtsfeier,Christmas party
die Werkstatt,workshop
die Wiese,meadow
die Wirtschaft,economy
die Wissenschaft,science
die Woche,week
die Wohnfläche,living space
die Wohnung,apartment
die Wolke,cloud
die Wolldecke,blanket
die Wüste,desert
die Zahl,number
die Zahnbürste,toothbrush
die Zahnpasta,toothpaste
die Zaubershow,magic show
die Zeit,time
die Zeitschrift,magazine
die Zeitung,newspaper
die Uhr,clock
vermutlich,allegedly
beruflich,professional
schön,beautiful
hässlich,ugly
modern,modern
praktisch,practical
groß,big
klein,small
teuer,expensive
gunstig,cheap
weiß,white
gelb,yellow
orange,orange
grün,green
rot,red
blau,blue
braun,brown
schwarz,black
lila,purple
pink,pink
grau,grey
toll,great
sehr,very
gut,good
super,super
überall,everywhere
zurzeit,at the moment
nur,only
immer,always
oft,often
manchmal,sometimes
nie,never
lecker,tasty
suß,sweet
salzig,salty
hoffentlich,hopefully
sicher,safe
ungefähr,approximately
gemütlich,comfortable
laut,loud
weg,away
frei,free
billig,cheap
ziemlich,quite
traurig,sad
langweilig,boring
eigentlich,actually
lustig,funny
okay,okay
interessant,interesting
schlecht,bad
sofort,immediately
wichtig,important
müde,tired
üblich,usual
schlimm,bad
komisch,strange
böse,evil
kurz,short
blonde,blonde
dunkle,dark
lange,long
alt,old
jung,young
kräftig,strong
alles,everything
nichts,nothing
schmutzig,dirty
zufrieden,satisfied
unzufrieden,unsatisfied
ubglaublich,unbelievable
pünklich,punctual
sonnig,sunny
wolkig,cloudy
windig,windy
bewölkt,overcast
neblig,foggy
drinnen,inside
draußen,outside
allein,alone
zussamen,together
fast,almost
flexible,flexible
auch,also
so,as
als,if
ja,yes
wie,how
dann,then
da,there
noch,still
also,so
nur,just
schon,already
mehr,more
jetzt,now
ganz,all
hier,here
doch,yet
wieder,again
lang,long
selbst,even
oben,above
nun,now
nein,no
eben,just
erst,first
naturalich,naturally
vellicht,perhaps
dort,there
dabei,there
gleich,similar
dazu,to that
gar,at all
bereits,already
etwa,about
gerade,just
zwar,though
wirklich,really
jedoch,but
allerdings,however
wohl,probably
überhaupt,generally
gern,like
davon,about it
darauf,on it
besonders,especially
kaum,hardly
sogar,even
damals,then
darüber,about it
sonst,else
daran,about it
weiter,further
anders,different
schleißlich,finally
eher,rather
je,each
darin,therein
rund,around
daher,therefore
früher,earlier
zunächst,initially
irgendwie,somehow
dadurch,thereby
bisher,so far
nämlich,namely
wahrschienlich,probably
her,here
dagegen,on the other hand
ebenso,likewise
danach,afterwards
außerdem,furthermore
inzwischen,in the meantime
plötlich,suddenly
bald,soon
genug,enough
endlich,finally
personlich,personal
indessen,meanwhile
trotzdem,nevertheless
dennoch,nevertheless
deshalb,therefore
deswegen,therefore
folglich,consequently
viel,much
wenig,little
letzt,last
spät,late
richtig,right
schnell,quickly
schwer,difficult
einfach,easy
einige,some
ähnlich,similar
unähnlich,dissimilar
verschieden,different
angenehm,pleasant
unangenehm,unpleasant
anwesend,present
abwesend,absent
bekannt,known
unbekannt,unknown
besser,better
schlecter,worse
bestimmt,certain
unbestimmt,undefined
bunt,colorful
einfarbig,monochrome
dankbar,grateful
undankbar,ungrateful
deutlich,clear
undeutlich,indistinct
dick,thick
dünn,thin
direkt,direct
indirekt,indirect
erlich,honest
unerlich,unfair
eigen,own
fremd,foreign
einzeln,individual
elegent,elegent
unelegant,inelegant
empfindlich,sensitive
unempfindlich,insensitive
eng,narrow
weit,wide
erfahren,experienced
unerfahren,inexperienced
fest,firm
locker,loose
weich,soft
falch,flat
steil,steep
tief,deep
fleißig,hardworking
faul,lazy
unfrei,unfree
freundlich,friendly
unfreundlich,unfriendly
froh,cheerful
gleduldig,patient
ungeduldig,impatient
geizig,stingy
großzuzig,generous
gemeinsam,together
gemutlich,comfortable
ungemutlich,uncomfortable
genau,precise
ungenau,inaccurate
gerade,even
ungerade,odd
geschickt,skillful
ungeschikt,clumsy
gesund,healthy
ungesund,unhealthy
krank,sick
gewiss,certain
ungewiss,uncertain
glatt,smooth
rau,rough
glucklich,happy
unglucklich,unhappy
halb,half
hart,hard
weich,soft
häufig,frequent
selten,rare
heiß,hot
kalt,cold
hell,light
höflich,polite
unhöflich,rude
horizontal,horizontal
vertical,vertical
hungrig,hungry
interessant,interesting
satt,full
uninteressant,uninteresting
kaputt,broken
ganz,complete
klar,clear
unklar,unclear
klug,smart
dumm,stupid
unklug,unwise
laut,loud
leise,quiet
lustig,funny
unlustig,unfunny
ernst,serious
möglich,possible
unmöglich,impossible
müde,tired
wach,awake
nah,close
fern,far
natüralich,natural
unnatüralich,unnatural
normal,normal
unnormal,abnormal
offen,open
geschlossen,closed
öffentlich,public
privat,private
ordentlich,tidy
unordentlich,untidy
negativ,negative
positiv,positive
persönlich,personal
unpersönlich,impersonal
praktisch,practical
unpraktisch,unpractical
punktlich,punctual
unpunktlich,unpunctual
recht,right
links,left
richtig,right
falsch,wrong
rund,round
eckig,square
sauber,clean
dreckig,dirty
schmutzig,dirty
schnell,fast
langsam,slow
sicher,safe
unsicher,unsafe
sozial,social
unsozial,unsocial
spitz,sharp
stumpf,blunt
sportlich,athletic
unsportlich,unathletic
stark,strong
schwach,weak
süß,sweet
sauer,sour
sympathisch,sympathetic
unsympathisch,unsympathetic
treu,loyal
untreu,unfaithful
unterschiedlich,different
identisch,identical
voll,full
leer,empty
vorsichtig,careful
unvorsichtig,careless
wahrschienlich,probably
unwahrschienlich,unprobably
wertvoll,valuable
wertlos,worthless
wesentlich,essential
unwesentlich,inessential
wichtig,important
unwichtig,unimportant
wild,wild
zahm,tame
zufrieden,satisfied
unzufrieden,dissatisfied
hochen,high
niedrigen,low
schlafend,asleep
witzig,funny
heimisch,native
